name,channel_url,channel_handle,integration_price_inr,dedicated_price_inr,niche,notes,subscriber_count,total_views,video_count,channel_id
Tech Series,https://www.youtube.com/@techseries5392,techseries5392,35000.0,50000.0,tech,all,3910000,4836877,72,UCpzPENOZcyAsKD6aBK0FLAw
Sudarshan Panda,https://www.youtube.com/@Sudarshanpandaa,Sudarshanpandaa,12000.0,15000.0,earning,all,0,259,1,UCXYq8my2McEc5bZcAzDah3A
Dhoom Dhaam Channel,https://www.youtube.com/@Rajualuvala,Rajualuvala,130000.0,300000.0,regional vlog,all,2200000,1079275258,577,UCdeO56Crh3BmMrra1_L3kJQ
PROTECH,https://www.youtube.com/@PROTECHYT,PROTECHYT,7500.0,85000.0,gaming,non betting,1730000,255949000,1334,UC9SE2WdT5yKWKbtAXkpRx0Q
Lazy Assassin's,https://www.youtube.com/@LazyAssassin,LazyAssassin,70000.0,120000.0,gaming,non betting,1040000,340602632,1086,UC6hTfcDdPADVNUrxXKDlYTg
deadman says,https://www.youtube.com/@TechnoVihaan,TechnoVihaan,50000.0,90000.0,"gaming, GTA",all,975000,186181431,208,UCCxg6r5_5Hh69qxhdsgC14A
GW MANISH,https://www.youtube.com/@gw_manish,gw_manish,40000.0,100000.0,"gaming, FF",Both,4850000,1468279610,2102,UC-KfrJWqokcYaW3NHwiR9SQ
Mr. Rishi,https://www.youtube.com/@MrRishi/featuredd,MrRishi,70000.0,150000.0,"gaming , minecraft",betting,1510000,222978156,99,UCkbtSGtuMB_SG0xqs5rxuXQ
Ayush More,https://www.youtube.com/@AyushMore,AyushMore,55000.0,110000.0,vlog,Non Betting,6230000,1270935289,1050,UCasP4ULpPrDOd4mByIKFRhw
Ayush More 2.0,https://www.youtube.com/@AyushMore2,AyushMore2,55000.0,110000.0,vlog,Non Betting,4390000,754582751,608,UCtjW0Pf1eEhVNrJXzEsLB1Q
Ekta More,https://www.youtube.com/@EktaMore,EktaMore,55000.0,100000.0,vlog,Non Betting,1750000,138938201,182,UCn0KN--mnX7uT0FkUWNBHmw
MoreBlox,https://www.youtube.com/@MoreBloxOfficial,MoreBloxOfficial,60000.0,120000.0,"gaming, Roblox",Non Betting,928000,397096264,568,UCFBFRXpGCtcHxN0N_tFd0ow
Ayush More Reacts,https://www.youtube.com/@AyushMoreReacts/,AyushMoreReacts,60000.0,120000.0,reaction channel,Non Betting,2170000,1106513064,432,UCQsAAV0UkcRNBTIxIOHUb2A
Carry Depie,https://www.youtube.com/@CarryDepie,CarryDepie,90000.0,180000.0,gaming,non betting,4650000,2430944267,669,UClqifC6Nd7v-IfTqce4k62A
अंतरिक्ष TV by Kaushik Bhattacharjee,https://www.youtube.com/@AntarikshTV,AntarikshTV,70000.0,120000.0,science channel,non betting,5360000,954053579,1599,UCZ1OsbnPa1RX6rl9NWlRTOg
Kaushik Bhattacharjee,https://www.youtube.com/@Kaushikantariksh,Kaushikantariksh,55000.0,70000.0,story,non betting,341000,50610943,274,UC32XD2TGOG0He0Ikxc7it4Q
M4X FF,https://www.youtube.com/@maxx111ff,maxx111ff,2500.0,4000.0,ff  reach bahut kam hai,betting,2,57,5,UCcalSfA_HAyl9sB8mMg0v7A
Tabbu Sabnam,www.youtube.com/@tabbusabnam,tabbusabnam,6000.0,7000.0,regional vlog,non betting,2050000,1754622670,2576,UCRy04OqJ61FvERAw_qxjteg
Yug Playz,https://www.youtube.com/@YugPlayz,YugPlayz,70000.0,500000.0,gaming,non betting,2610000,501616873,493,UCnIR-Cipbu7P7uGCm-Sk0hw
BandookBaaz,https://www.youtube.com/@BandookBaaz,BandookBaaz,80000.0,150000.0,"gaming, BGMI",both,2240000,390495064,1359,UCLn66VjgvzyDvuD9fv6_3Mw
SHAANDAR TIPS,https://youtube.com/@shaandartips9579,shaandartips9579,10000.0,20000.0,"gaming, BGMI",,176000,14258034,267,UCQcNHTo8_-25mTUgjhoCd9g
Chaudhary Tips,https://www.youtube.com/@chaudharytips06,chaudharytips06,12000.0,20000.0,earning,,126000,1371383,113,UC9CDEXeXH-F5GzXgmsujXCA
Digital Shashank,https://youtube.com/@flexgaming29,flexgaming29,15000.0,30000.0,earning channel,,153000,30216060,585,UCc3q4T6t-WUAHyfmgQw6Z1Q
flex gaming,http://Youtube.com/@digitalshashank,digitalshashank,30000.0,40000.0,gaming,,313000,2751752,154,UCcd3l_zijXtcZ8b5L7UQdfA
Arrow Gamer,https://youtube.com/@arrowgamer,arrowgamer,20000.0,50000.0,"gaming, BGMI",,1550000,229965312,998,UCAyUzRVNCMoHYxPCH_fyBcg
SHAANDAR GAMER,https://youtube.com/@shaandargamer4594,shaandargamer4594,20000.0,50000.0,"gaming, BGMI",,630000,8078290,148,UCaaN9bHg3efpf1MKpem74oQ
Daizy Aizy Vlogs,https://www.youtube.com/@daizyaizyvlogs8325,daizyaizyvlogs8325,100000.0,150000.0,vlog,,5170000,3072942369,687,UCiyLsTsGwf0FB_P9rQZmJeA
Reneex,https://youtube.com/@reneex404,reneex404,80000.0,,gaming,betting,538000,203763856,84,UC3Go9Rrs3Vy_RFmbwloKr0A
VIHAAN IS LIVE,https://www.youtube.com/@vihaanislive/featured,vihaanislive,20000.0,50000.0,,all,68500,2395651,32,UCo3x6eXHIYIvhQND7cqcoZA
AVRprankTV,https://www.youtube.com/@avrpranktv,avrpranktv,150000.0,400000.0,vlogging,,6920000,964670334,155,UCIHdr1oAtGvPeJTmxpQVDfw
SpaceX,https://youtube.com/@shree_prabha_official,shree_prabha_official,65000.0,120000.0,regional vlog,,805000,336796742,701,UC1lPAv4U8MLt8xJcXBQGmNw
Nani pinky official,https://www.youtube.com/@nanipinkyofficial,nanipinkyofficial,150000.0,300000.0,regional vlog,,3030000,2185312662,1396,UCdsZJOOPmrkrdRt1LR6Fbfw
Kaushik STORIES,https://www.youtube.com/@Kaushikstoriesatv,Kaushikstoriesatv,55000.0,70000.0,story,,660000,82657147,1023,UC_JRvXSHNoVTl1I7mqzYWDg
Yt Mester,https://www.youtube.com/@ladyfinance99,ladyfinance99,15000.0,20000.0,finance,,258000,1024371,12,UCE02d3w5LSvxDtHdD7y-DLw
KK World,https://www.youtube.com/@KKWorld,KKWorld,8000.0,15000.0,tech,,470000,191471294,2551,UCuo5SE1KbIJl1MH8tC9emFQ
Tiox Play,https://youtube.com/@tioxplay,tioxplay,120000.0,,gaming,betting,1430000,477433792,234,UC5fT39STLgUoX-gbH9w9vlQ
KamalPreet Singh,https://www.youtube.com/@imkpreet,imkpreet,20000.0,30000.0,tech,,301000,99842389,961,UCCwt6PDivCeJ9dnQz5jtIqQ
Nishu Tiwari,https://www.youtube.com/@inishutiwari,inishutiwari,800000.0,1500000.0,vlogging,non betting,4820000,959985083,206,UC5aKead6Q8YQYjceizxJIuw
QUALITY 69,https://www.youtube.com/@QUALITY_69,QUALITY_69,15000.0,,"gaming, FF",,247000,29963286,222,UCqjoumbkWtmJ-3fgAHwpvuw
Nilanjana Dhar Shorts,https://www.youtube.com/@NilanjanaDharShorts,NilanjanaDharShorts,25000.0,,earning,Both but probo winzo 1win,5550000,516118087,180,UCngVKppNKRXO3xkEvJ7yCdw
THE INDO TREKKER,https://www.youtube.com/@theindotrekker,theindotrekker,80000.0,,travel vlog,non betting,1570000,401474419,542,UC0bybgPk3rSyM8bEsZWvbcw
AddaKhana,https://www.youtube.com/@addakhanaa,addakhanaa,40000.0,,regional vlog,Both but probo winzo 1win,566000,60135465,131,UCNwF0_gADrIDtxjv3FcDr0Q
BB GAMING 2.0,https://www.youtube.com/@BBGAMING_2.0,BBGAMING_2.0,40000.0,,gaming,Both,144000,16985760,152,UCdCg5gLHXt1ffXKhgezhMOg
Bulky,https://www.youtube.com/@bulky_,bulky_,30000.0,,"gaming , minecraft",betting,302000,37069349,179,UCiw_46ApQ57gvGqRkUt8j4w
Sunny & BB Playz,https://www.youtube.com/@_sunnyplayz,_sunnyplayz,40000.0,,gaming,Both,147000,19016786,193,UC0QN5sTNi7rdS2fRpmJb_hQ
Nil Hearts,https://www.youtube.com/c/NilHearts,NilHearts,40000.0,,earning,Both but probo winzo 1win,620000,92911679,173,UCQWkGLAVDPznrQnhAYmkuMQ
Nilanjana Dhar,https://www.youtube.com/c/nilanjanadhar,nilanjanadhar,100000.0,,vlogging,Both but probo winzo 1win,3230000,701474729,543,UCoS4iknAwZoOXylPJfoVo8Q
Nil & Situ Vlogs,https://www.youtube.com/c/NilSituVlogs,NilSituVlogs,50000.0,,vlog,Both but probo winzo 1win,1090000,214896697,280,UCKHgcjUnD4iptFN70XbuKfA
Gaming with Raahim,https://youtube.com/@gamingwithraahim,gamingwithraahim,40000.0,,"gaming, FF",non betting,2520000,359711219,1024,UCB-Mlc9BNE4K4tUGF4_RdbQ
HandsomeGamer,https://www.youtube.com/@handsomegamers,handsomegamers,80000.0,,gaming,Both,3380000,818548770,855,UCl487GkI6cdPxpMF3ZgDKYQ
Dark Tips ff,https://www.youtube.com/@DarkTipsff,DarkTipsff,60000.0,,"gaming , FF",betting,1500000,143593380,220,UCyDr_naNEYTP_gzraKDCr2Q
BB Playz,https://www.youtube.com/@BBISLIVE,BBISLIVE,40000.0,,gaming,Both,443000,69323835,1052,UCvJcSGs6RuHwOtvb8uY_C5Q
Ramin Op,https://www.youtube.com/@raminopp,raminopp,10000.0,,"gaming , FF",betting,187000,22202997,61,UCbNQBNNlhMEF78fpd0mfbNA
Deadman Says,https://youtube.com/c/DeadmanSays,DeadmanSays,15000.0,60000.0,cricket,,102000,28391013,990,UCVn8qp5pUgkdbUOKghXMPvA
RANZEX FF,https://youtube.com/@ranzexff,ranzexff,30000.0,,"gaming , FF",non betting,799000,79495214,1241,UCk9fUhA2RfMJL7WbCOnlpFw
MrGamerJay,https://www.youtube.com/@MrGamerJay,MrGamerJay,75000.0,,gaming,both,2000000,402024768,263,UCoYZ3nrf-xiVEi93vmn6m-Q
Bulky Star,https://www.youtube.com/@BulkyStar,BulkyStar,60000.0,,"gaming , minecraft",betting,1390000,250911498,498,UC8ZzyNuoZDFeXGDJsB0o-8A
Arjun Vlogs,https://www.youtube.com/@arjunvlogs8249,arjunvlogs8249,25000.0,70000.0,regional vlog,,293000,63127860,277,UC_DzbnZcfih2BaNGOaNuwBA
Malik ff,https://www.youtube.com/@malikff08,malikff08,50000.0,,"gaming , FF",betting,509000,36194048,225,UCLruoxoHSADmOXRXvfcdDYQ
Kreation Army,https://www.youtube.com/@kreationlive,kreationlive,60000.0,,"gaming , FF",betting,1940000,206439188,1000,UC2to8ff_riFkThMyYUiZIsw
Varsha Thapa,https://www.youtube.com/@varshathapa1427,varshathapa1427,100000.0,,vlog,,734000,304702967,1057,UCTBy9Awl5LByRtKET9PIUKw
Dare Series,https://youtube.com/@vinaykuyyashorts1914,vinaykuyyashorts1914,35000.0,,regional vlog,,285,7899,28,UCqQ45bhj-cx7dBASL1sya5Q
ITS ME CRAZY SANA,https://www.youtube.com/@itsmecrazysana,itsmecrazysana,50000.0,,regional vlog,,950000,287537197,455,UC98sykVhLeqOcCCNeTC1erw
KIND,https://youtube.com/@kind__,kind__,150000.0,,story,,3720000,1684679154,639,UCwvzAEKAY6XlhdR-N_wfZuw
Kuyya Vlogs,https://youtube.com/@kuyyavlogs1058,kuyyavlogs1058,40000.0,,regional vlog,,503000,883474,22,UCQv6PWnXCimmXL29vh76auw
BP Films,https://youtube.com/@bpfilms1,bpfilms1,45000.0,,regional vlog,,107000,6201911,31,UC6QX43_4g6MpJF__YmIYuaA
Banglar Gramin TV New,https://youtube.com/@banglargramintvnew,banglargramintvnew,40000.0,,regional vlog,,143000,58385836,105,UC3P_WVz4aSu5zlfvPLIM4GA
VAKEEL 420,https://youtube.com/@vakeel420,vakeel420,45000.0,,regional vlog,,1100000,185486266,226,UC-yjipJ95ftkCnXbRHSMGZw
SoloViner / Aduaith,https://youtube.com/@soloviner,soloviner,90000.0,,reaction channel,,1620000,198918685,271,UC-0UdGMHGwl4WrNUzHQEDSA
Nag mouni official,https://youtube.com/@nag_mouni_official,nag_mouni_official,65000.0,,regional vlog,,125000,52010719,275,UCC7dBdi4GIKp9vDkvR6XX3w
Jinnuthosonu,https://youtube.com/@jinnuthosonu2727,jinnuthosonu2727,65000.0,,regional vlog,,352000,119307771,357,UCLpifma4dXDmhJREOIA5suA
Vamshigaadi Muchatlu,https://youtube.com/@vamshigaadimuchatlu,vamshigaadimuchatlu,65000.0,,regional vlog,,94100,38134534,215,UCAhDUFG-mOvn_7L61sIzaUQ
Shree Prabha Talks,https://youtube.com/@shree_prabha_talks,shree_prabha_talks,65000.0,,regional vlog,,174000,4250645,35,UCh2CEZc0PWmWLUs5_kT5NvA
V R Facts In Telugu,https://youtube.com/@vrrajafacts,vrrajafacts,60000.0,,regional vlog,,1770000,404267722,920,UCekyMtsUuTBxInGbeSX3EUg
V R RAJA,https://youtube.com/@iamvrraja,iamvrraja,60000.0,,regional vlog,,1880000,420729564,1003,UCZ0hNUqXDl0YWh3ulUZy1jQ
Bong Polapan,https://youtube.com/@bongpolapan,bongpolapan,60000.0,,regional vlog,,623000,137546250,117,UCqC5ACD2HjaZtppCpHTb5bg
Gutsy Ladka,https://youtube.com/@gutsyladka,gutsyladka,15000.0,,roasting,,170000,56334968,325,UCe2zdJoARINLla8mX8KdWhg
TechPro Harsh,https://youtube.com/@techproharsh,techproharsh,15000.0,,"gaming, FF",,1310000,68724982,214,UCQIXviFw3qemjSUqLCARvNA
Income Skill,Youtube.com/@incomeskill,incomeskill,30000.0,,earning channel,,25,673,13,UCc_SVpZg-cpUIlirqhZfR4A
NazarBattuProductions,https://www.youtube.com/@NazarBattuProductions,NazarBattuProductions,300000.0,,story,,4140000,624515374,241,UC1_-cyLlwnmTAesbMgruDpQ
SoloViner XD,https://youtube.com/@solovinerxd,solovinerxd,70000.0,,gaming,,820000,134492150,234,UCfWs_St76QGwtL2moa_Y_tg
Cinebap,https://youtube.com/@cinebap,cinebap,55000.0,,regional vlog,,1530000,143428496,226,UCM7hiGoLaBdbiYUCDtx9JEg
Vinay Kuyya 01,https://youtube.com/@vinaykuyya12345,vinaykuyya12345,30000.0,,regional vlog,,18,666,27,UC0FA3XKNnHVJgunCLGNcCcA
Deep Bro,https://www.youtube.com/@Deepbroofficial,Deepbroofficial,22000.0,,regional channe;,,122000,11997795,94,UCZpqE2N4tyOtHsTj7i3XXfg
Cinebap Mrinmoy,https://youtube.com/@cinebapmrinmoy4279,cinebapmrinmoy4279,35000.0,,regional vlog,,800000,78163129,114,UC3Iv4GilW4oPl_E1DPMMWnw
Telugu Guy Reacts,https://youtube.com/@teluguguyreacts,teluguguyreacts,10000.0,,,,92300,46248697,1336,UCgIHKh6DE7rerUy5d0yWglQ
Pukur Pakami,https://www.youtube.com/@PukurPakami,PukurPakami,20000.0,,regional reaction channel,,393000,51119453,196,UC0xRgccM7ghCMP2fpbFo3mA
MrDasuOfficial,https://www.youtube.com/@mr.dasuofficial,mr.dasuofficial,8000.0,,Telugu Entertainment,,47600,16959115,187,UCRWqfx01O8FTCgowcCNLEXQ
Badmas Bipua,https://www.youtube.com/@BadmasBipua,BadmasBipua,19000.0,,regional channel,,317000,38564977,250,UCb9bX5d10SNxcYLogR9qfng
Rakus,https://www.youtube.com/@Rakus118,Rakus118,40000.0,,ff creator,,306000,40466798,130,UCGeV-3R502w6bllp2EQ8zzg
Alok Games,https://www.youtube.com/@alokgames01,alokgames01,35000.0,,"gaming, baacho wala content",,930000,160223244,232,UCYvaSyUtwXeeax6RQ7LGMCQ
LEXXA,https://www.youtube.com/@lexxa_ff,lexxa_ff,15000.0,,"gaming ,ff",,87700,7125310,191,UCqmWCqEBvDa47x8Ms7PqTOw
Vishwas Kaushik,https://www.youtube.com/@VishwasKaushik,VishwasKaushik,35000.0,,omegle,,587000,151827786,208,UCnLSF7WSRy3DWOSNtHcEqXQ
The Harshit Vlogs,https://www.youtube.com/@theharshitvlogs,theharshitvlogs,90000.0,,proper vlogging,,678000,105555970,148,UCJ3T4IvoVnQDenU8H59a__w
YashTipps,https://www.youtube.com/@YashTipps,YashTipps,14000.0,,earning,,96200,784125,63,UCdOfHck0VeYwvNBAwkG8QiA
ANGROZA LIVE,https://www.youtube.com/@ANGROZALIVE,ANGROZALIVE,,,"gaming , BGMI",betting also,308000,65558909,1126,UCqr-gNIvWmJHt1Nvs3Y19OQ
Crazy Indian GAMER,https://www.youtube.com/@crazyindgamerr,crazyindgamerr,,,"gaming , bachoo ka game",depends on brand,872000,342981147,737,UCYvbyQoITiNEVOoFI7VSwlg
Junkeyy,https://www.youtube.com/@junkeyy,junkeyy,120000.0,,,,3440000,996536593,423,UCJS4UHGP6Q3BI-0ZIGrGXgw
BOSS OFFICIAL,https://www.youtube.com/@bossofficial99,bossofficial99,30000.0,,,,2700000,312847599,665,UC2Xk4lbJdsiM-AZx3cCv3Ww
Aman With You,https://www.youtube.com/@AmanBhatii,AmanBhatii,,,comedy,non betting,2130000,833635663,388,UCCzfVCAoHcI6ee8An1J-12w
Beston Boy,https://www.youtube.com/@Beston_Boy,Beston_Boy,35000.0,,gaming,,800000,102319965,1491,UCMOkSBH8f5wlcaC98ahY5Cg
Kpop Funny BD,https://www.youtube.com/@kpopfunnybd,kpopfunnybd,6000.0,,bangali,,124000,27476860,199,UCT3vFvSrkCLSooq2nexQQXw
Hunter Naresh,https://www.youtube.com/@HunterNaresh,HunterNaresh,30000.0,,non bet,,712000,123162749,657,UCdj9RwSeEB5-phUHigoSvKg
Panduthoracha ,https://youtube.com/@panduthoracha_06,panduthoracha_06,40000.0,,regional vlog,,198000,51013519,201,UCH1BTrV7ky84Vo27Y0_5zHg
Sumit 007,https://www.youtube.com/@sumit007yt,sumit007yt,60000.0,,coc,,2470000,706507421,2077,UCrWdPsIgE4GIWGiFUMHL4bQ
TLS WARRIOR,https://www.youtube.com/@tlswarrior,tlswarrior,90000.0,,"gaming, FF",,4800000,2584579243,1094,UC5vhW5o-lwr1x1sdszzPB1w
KASHMIRI KALKHARABS,https://www.youtube.com/@kalkharabs,kalkharabs,20000.0,,comedy,Betting,989000,243117784,400,UCf9aEHz2qK1cjCfP5BzbM3Q
Amir Extra,https://youtube.com/@amirextra3,amirextra3,50000.0,,"gaming, FF",,8000000,1576189963,482,UCXga7_DonV8f-ApUq2Du8KQ
Gems Bishwakarma,https://www.youtube.com/@gemsbishwakarma,gemsbishwakarma,16000.0,,nepali,,167000,22137363,92,UCdUU0ZHssxP_WauE6zXQRLA
Parbat Basnet ,https://www.youtube.com/@parbatbasnet457,parbatbasnet457,20000.0,,comedy,,122000,49708396,267,UC_-2sZRl5Cl2eUot2DN_Pgw
SAGAR OD,https://www.youtube.com/@sagarod1,sagarod1,30450.0,,gaming,,315000,56828356,238,UCAPFdpQR3Srq1OCVApSO_xw
KANXA ffx,https://www.youtube.com/@KANXAffx,KANXAffx,13050.0,,"gaming, FF",,138000,37638669,750,UCD1RQO13PyhjvBUBYQribsA
RIMO OP,https://www.youtube.com/@rim0op,rim0op,5000.0,,"gaming, FF",,26200,4978036,88,UC3B7G2FOvomZ9a9bD-l8W9Q
Mabu Crush,https://www.youtube.com/@mabucrush_,mabucrush_,150000.0,,gaming,,9750000,9532893462,1632,UChJRDTWVS8JaDbhsclfTUKg
Or Goppo,https://www.youtube.com/@orgoppo,orgoppo,30000.0,,gaming,,566000,104097205,223,UCOd2DHtpFx4n14-mKuu2lMQ
Bidushi Plays,https://www.youtube.com/@BidushiPlays,BidushiPlays,17400.0,,gaming,,195000,32294550,324,UCA60PHbjmImwMh7cidZIJOw
NOTAXID YT,https://youtube.com/@notaxidyt,notaxidyt,6000.0,,gaming,,282000,27461305,397,UC2XrH2lTwipE_47pb-kbUBw
Golden Cricket,https://youtube.com/@the-dj8hh,the-dj8hh,25000.0,,cricket (non bet),,1110000,152951968,1720,UC-ezJZD3_zet4Sblaemnxnw
NG E-SPORTS,https://www.youtube.com/@NGESPORTS,NGESPORTS,8000.0,,gaming,,297000,53261391,305,UCSiFUsg58S4ptgnMZAznomQ
Bong Gamer ,https://www.youtube.com/@BongGamer09,BongGamer09,15000.0,,bangla,,218000,69155108,123,UCr7lKipzDSHjpyWuTrtlZ2A
SMOOTH & SNEAKY,https://www.youtube.com/@smoothsneaky6998,smoothsneaky6998,25000.0,,non bet,,927000,50550021,188,UCO5xC5W6dWOucIjy3bTYCzQ
DESI CHHORA_YT,https://www.youtube.com/@DESICHHORAYT,DESICHHORAYT,45000.0,,,,2260000,558906218,1008,UCJ7qBM7kWk30geT_w0V84Xg
Spunky OP,https://www.youtube.com/@SpunkyOP,SpunkyOP,20000.0,,,,162000,8288147,28,UClQPid8euFkZYPCbBzRqRCg
Ginni Pandey Pranks,https://youtube.com/@ginnipandeypranksss,ginnipandeypranksss,30000.0,,,,822000,184659637,346,UCw4V9c5BkT6PO-nknKTbLiw
with Ginni pandey,https://youtube.com/@withginnipandey215,withginnipandey215,30000.0,,,,830000,392175245,1159,UChIVJYTwOAFuvVadMTmVX5g
King Vines,https://youtube.com/@kingvines09,kingvines09,150000.0,,,,394000,109454539,27,UC5VX1ckWpFMhVgyP56eOhBQ
LB Vlogs 🇳🇵,https://youtube.com/@lbvlogs12,lbvlogs12,100.0,,,,87100,19430625,413,UCAjBPdwDaVw0uUxE-TbezPQ
Mr. Sar_faraz,https://youtube.com/@mrsarfaraz,mrsarfaraz,35000.0,,,,241000,143248876,1330,UCplgv9GHkM6IYzXInReZPLw
Movie With Me,https://youtube.com/@moviewithmee,moviewithmee,80.0,,,,108000,25451186,76,UCEcOsNaGgkYBCacANSfzM0w
With Pandey,https://www.youtube.com/@pandeyshivah,pandeyshivah,30000.0,,,,1630000,1055095519,2157,UCyakDpV1G9UDFDjb9hrKLmg
Drama With Me,https://youtube.com/@dramawithmee,dramawithmee,100.0,,,,160000,29706701,130,UCzu-fVOIbIyoDLgU9hHLmJQ
Samar Playz,https://www.youtube.com/c/samarplayz,samarplayz,12000.0,,non bet,,198000,118393063,949,UC9FxglO3Kz_oAHbM-uSisqg
Biyadob Team08,https://youtube.com/@biyadobteam08,biyadobteam08,50000.0,,,,447000,210868059,190,UCk7zKhvzSTXZ-ByM7YhIghw
Explain with me,https://youtube.com/@explainwithmeee,explainwithmeee,100.0,,,,191000,31371580,113,UCVX2Ko3u2NiVdK148LNOXNQ
Sheikh Bros,https://www.youtube.com/@sheikh_bros,sheikh_bros,15000.0,,,Betting,1190000,348901034,1510,UCBvYrNa5k4uEM9yQdGU75Og
Manik Atri Vlogs,https://www.youtube.com/@manikatri,manikatri,110000.0,,,Betting,1430000,156735781,301,UCe0yEJWiEdY_Vz0oWBbbmvQ
Swati Rojha,https://www.youtube.com/@SwatiRojha,SwatiRojha,,,travel vlog,,617000,85133094,291,UCfA2ry4izp8ldvJVLIlnUCg
 THEMP04RIDER BACKUP,https://www.youtube.com/@mp04backup,mp04backup,15000.0,,,Betting,144000,15541079,124,UCVKfiGK6RpiIhulAMO7u2ig
Happy sibling vlogs ,https://youtube.com/@siblingslove892,siblingslove892,30000.0,,,,503000,186400949,828,UC5F0oz5sjbp8X82SW7j47vQ
Odia Hungama,https://www.youtube.com/@OdiaHungama,OdiaHungama,12000.0,,,,180000,24599576,184,UCw2U3PuCGwS2tgrRzPczUHA
Khanti Odia Toka Dipu,https://www.youtube.com/@khantiodiatokadipu,khantiodiatokadipu,7000.0,,,,161000,3458376,72,UCe7Urmobj98ciCiFABn8JFg
AJJU THO MACHA ,https://www.youtube.com/@ajjuthomacha,ajjuthomacha,30000.0,,,,369000,47723595,198,UCuH27sso_xLlPTFnH_KiEbw
Mr Ajay official,https://www.youtube.com/@mrajayofficial96,mrajayofficial96,45000.0,,,,584000,134801521,454,UCpSIN3cujV2JhoDhwfV4P6g
Lairaba World,https://www.youtube.com/@lairabavlog,lairabavlog,30000.0,,,,168000,32258616,298,UC5jgXWC-t-xq_USz25vpatg
kANGLEI PR,https://www.youtube.com/@kangleipr8832,kangleipr8832,35000.0,,,,263000,38653464,206,UC3bd2qV5zDp4-l-YWqp6nMw
Drama Story SJ,https://www.youtube.com/channel/UCblUlcyPphTlINTVvIMK2fA,UCblUlcyPphTlINTVvIMK2fA,8000.0,,,,172000,34157907,183,UCblUlcyPphTlINTVvIMK2fA
Anju Love Story,https://www.youtube.com/@moviestorysj5,moviestorysj5,7000.0,,,,136000,35378589,152,UCcl8gioCRLSpcohdXm98qTA
Tagaru Gaming,https://www.youtube.com/@tagarugaming,tagarugaming,20000.0,,,,704000,117158944,568,UCJWlMccXAR0yUDgwfoF8how
Levixx Plays,https://www.youtube.com/@levixxog,levixxog,20000.0,,,,575000,3588209,74,UCarIWa8XpkYuiejKs0pNt0w
NG SK GOD,https://www.youtube.com/@SK_GOD1.,SK_GOD1.,15000.0,,,,12100,2268595,265,UCPULet2WbVwDVAoNSo6NunQ
WHITEN 69,https://youtube.com/@whitenfreefire,whitenfreefire,,,"gaming, FF",,112000,5217817,17,UCxdjia6wWB-TEROEgeEf4pQ
ABHINAV HOON,https://youtube.com/@abhinavhoon,abhinavhoon,,,vlogging,,666000,264655940,1308,UC7z_9n55kHcDBZwmXU-h3TQ
WHITEN LIVE,https://youtube.com/@whitenfreefirelive,whitenfreefirelive,,,"gaming, FF",,34600,1033935,6,UCuwmj77qsUgvIYOzpeAC9OQ
VChandi Gaming,https://www.youtube.com/@VChandiGaming,VChandiGaming,20000.0,,,,2,35,1,UCvh4jxLsU_EAN6VtwQcBxcA
Gaming Preet,https://www.youtube.com/@GAMING_PREET_OFFICIAL,GAMING_PREET_OFFICIAL,10000.0,,,,42600,4793465,164,UCNmbmJlyNGaEQFChioDv6nQ
Kill2Head,https://www.youtube.com/@kill2head,kill2head,,,"gaming, ff",,5340000,925409274,1412,UCwMauD7qRqr_ZXUTqRGHOjg
A_s Highlights,https://www.youtube.com/@a_shighlights9137,a_shighlights9137,,,"gaming, ff",,1900000,158691552,1173,UCgfpGB45S73QFyNLBXek3sQ
Sahil Rana,https://www.youtube.com/@sahilranavlogs,sahilranavlogs,,,vlog,,1530000,98987189,296,UCQnZPHf1ka2YkAp8evQmwOA
The Roamer Amit,https://www.youtube.com/@TheRoamerAmit,TheRoamerAmit,,,vlogs,,12300000,9737730368,898,UC_cecSRU92J2m-BrgbEyfSQ
AS Gaming,https://www.youtube.com/@ASGamingsahil,ASGamingsahil,,,"gaming, ff",,20700000,3382361032,1769,UCMrvxKTx9hLhZcOvJkYOnAw
A_S SHORTS,https://www.youtube.com/@a_sshorts/streams,a_sshorts,,,"gaming, ff",,1400000,189789846,976,UCnn5fF1IHvGokWf95s17J7g
Spicy Rimon,https://www.youtube.com/@SpicyRimon,SpicyRimon,20000.0,,,Betting,91100,5478534,61,UCiW0yjXNnOdWusVHzTS0D3g
Anmol koli,https://youtube.com/@AnmolKoli1,AnmolKoli1,35000.0,,,Betting,154000,19341270,84,UCq3N-tSjUu-y49DfcKzGNPA
SkyMb,https://www.youtube.com/@skymb,skymb,6000.0,,,Betting,84300,8287530,194,UC_SvL2zgCOk_qoIG--H0D6Q
Raies Malik,https://www.youtube.com/@raiesmalik,raiesmalik,15000.0,,,Betting,335000,31950134,241,UCam_b61AwLE4oeYbfGU0Ngw
CHOTTO CHELE,https://www.youtube.com/@chottochele,chottochele,135000.0,,,non betting,829000,64484653,107,UCsyuLx-m21pz858d6yMbs1g
TimTim ,https://www.youtube.com/@HelloTimTim,HelloTimTim,35000.0,,,Betting,94500,13214095,79,UC_9SXJQvE9r8Bd0l7F4PjOg
Bengal Yt,https://youtube.com/@bengalyt99,bengalyt99,25000.0,,,betting,357000,128043000,149,UCMrSZoiZxHZd6kwGOWo6Xdg
SHEIKH SOYAB,https://www.youtube.com/@sheikhsoyab-m6q,sheikhsoyab-m6q,400.0,,,non betting,491000,265883299,238,UCUr2qnbyNzX9a-S1mXFOKPA
BOOM GAMING FF,https://www.youtube.com/@boomgamingff2060,boomgamingff2060,30000.0,,,non betting,1150000,91085422,1559,UCj3LT93hu1CXAT6jr_44hYQ
YFYT,https://www.youtube.com/@yfyt99,yfyt99,150.0,,,betting,102000,13381819,418,UCCL3SfjrdSHW05AoDfDMd-g
Surjo Bhai,https://www.youtube.com/@Surjo_Bhai,Surjo_Bhai,23000.0,,,,163000,31384423,164,UC6MwF7gJKzK7Na-49KpvcUw
R.I.S. Plays,https://www.youtube.com/@RisPlays,RisPlays,44000.0,,,,340000,164709035,936,UCiBhcNqKA7bZQcZ_bhhyGoQ
R.I.S. Gaming,https://www.youtube.com/@RisGaming,RisGaming,35000.0,,,,315000,46566023,409,UChtMaY-eJxoprHBrpJfy18A
SPICY TAMIM,https://youtube.com/@spicytamim,spicytamim,2000.0,,,,35300,577868,9,UCUPkn5_VpjmYvD2yLpB0dKA
Official Vinu Raj,https://www.youtube.com/@officialvinu09,officialvinu09,40000.0,,,,6090000,1281903706,1433,UCDJ58HYT6yORv0eGyuN32dQ
History Drama SJ,https://www.youtube.com/channel/UCgukoeteY2WdG0YnVigACWQ,UCgukoeteY2WdG0YnVigACWQ,7000.0,,,,26100,3393158,41,UCgukoeteY2WdG0YnVigACWQ
Fun King Entertainment,https://www.youtube.com/@funkingentertainment8612,funkingentertainment8612,10000.0,,,,535000,180382792,428,UCC7AqoY24AnbFnDHyoUNptw
ARK FF,https://www.youtube.com/@arkffofc,arkffofc,,,"gaming, FF",,366000,33202950,369,UCre6_ONr6MKNNnkijT-rwHw
TANISHQ GAMING,https://www.youtube.com/@tanishqgaming,tanishqgaming,,,"gaming, FF",,699000,65720373,2184,UCb0s1I8wocxPMO4l_4XrGlg
Beston,https://www.youtube.com/@beston_gamerz,beston_gamerz,30000.0,,,,3750,504917,92,UCuUnAHTB_2y3OsJNBGdSqGA
ujjal sikdar,https://www.youtube.com/@ujjalsikdar.3628,ujjalsikdar.3628,,,,x,231000,42651933,360,UCil9sE38juRn8Fcpfjd3oMQ
Unnati Tomar,https://www.youtube.com/@unnatitomarrr,unnatitomarrr,,,,x,110000,41953202,119,UC2JzWahjSpGrYNADrN2kHmQ
SouvikD,https://www.youtube.com/@SOUVIKD1,SOUVIKD1,,,,x,372000,489647,38,UCAgVTF4z24hU6reCq5sqoSA
Elostazzzz,https://youtube.com/@elostazzzz,elostazzzz,,,,x,445000,95886499,371,UCHTRTIfoX0ud0wv3U00rmaA
Shawar,https://www.youtube.com/@shawarvlogs,shawarvlogs,,,,x,15300000,6177744938,2036,UCUSdNXmG2LlNS01ptoq24MA
Cricket SuperFans,https://www.youtube.com/@CricketSuperFans,CricketSuperFans,,,cricket (non bet),,2070000,206689866,3296,UCISUX-jtA04ktQiknXYZwCw
Prafulla Lama,https://www.youtube.com/@prafullalama07,prafullalama07,,,food vlogs,,156000,13878315,110,UCD_DtkhrW8q6uo-XZgVVXnw
Yang Is Live,https://www.youtube.com/@Yangislivee/featured,Yangislivee,,,live stream,,908000,245528250,1508,UCf7coqmQub3uXYhVgmTimPg
Cinemastic,https://www.youtube.com/@Cinemastic23,Cinemastic23,,,Entertainment,,228000,65898245,150,UCxHtNH7NDSxeAXdDOnIRTKw
local Boi Nani,https://www.youtube.com/@localBoiNani,localBoiNani,,,,x,2320000,1110446346,738,UCjcOOMlguOxtkJo-MrA3TNg
Sasta vlogger,https://www.youtube.com/@Sastavloggeryt,Sastavloggeryt,2000.0,,,,11700,4024744,276,UCRDCDmBYmNsvezVQozIQ8GQ
Kdlife,https://www.youtube.com/@kdlifee,kdlifee,15000.0,,,,504000,94139004,358,UCL4bCRcSpvpICNbMv19uBYw
Saqlain Khan,https://www.youtube.com/@The_SaqlainKhan,The_SaqlainKhan,,,non bet,,475000,14553789,18,UCj2QYGc6dvQ7O8320zvE09A
Gulli Poris Reviews,https://youtube.com/@gulliporisreviews,gulliporisreviews,,,,,366000,159939538,330,UCeXVW7gNPjgXognJxNFoP_g
Indhu vs Nani ,https://youtube.com/@indhuvsnani,indhuvsnani,,,,,63800,36627135,165,UC3gbt21hKAqV93MiphPni-A
GULLY PORIS,https://youtube.com/@gullyporis3121,gullyporis3121,,,,,1220000,729714648,775,UC0YjNnW6alaNDb7MoFZh-ow
Telugudost Gaming,https://www.youtube.com/@TeluguDostGaming,TeluguDostGaming,,,,,612000,162787313,347,UCl1s4izms5LbnddYTJnTpqA
Akhiji Bhojpuri Comedy,https://www.youtube.com/@AkhijiBhojpuriiComedy,AkhijiBhojpuriiComedy,,,,,934000,374031159,53,UCR6apAneiTpgvEkaUvyCZEQ
Sumit Cool Lifestyle,https://www.youtube.com/@sumitcoollifestyle,sumitcoollifestyle,,,,,365000,48832108,141,UC9KK-24hntpbEwC7QILpLtA
Mr Manu Official,https://www.youtube.com/@mrmanuofficial-dl9xw,mrmanuofficial-dl9xw,,,,,132000,31288104,158,UCFXTem4FOWf0KuNjdQuvjvQ
ROFANI,https://www.youtube.com/@ROFENI,ROFENI,,,,,7320000,1814673309,963,UCUaHhKAJmEKZFdnAjScXOcQ
Finally,https://www.youtube.com/@FinallyOffl,FinallyOffl,,,,,3060000,1266207759,2496,UCi3o8sgPl4-Yt501ShuiEgA
NetworksTube - شبكة اليوتوب,https://www.youtube.com/@Networkstube,Networkstube,,,,,504000,23337099,946,UCqfwgCXAz5rRHHjPf8rH-PA
Antaryami Gaming,https://www.youtube.com/@AntaryamiGaming,AntaryamiGaming,,,,,4030000,926107872,2900,UCZXuz_mOCSadwft8wkzdrsw
Md Fizz,https://www.youtube.com/@MdFizz,MdFizz,,,,,1510000,265337307,416,UCPOjt2u1E3F26Fjcdwlc6iA
AnimeTm Talks,https://www.youtube.com/@AnimeTmTalks,AnimeTmTalks,,,,,382000,128034517,952,UC0PCABNVT8toBV3cCE2Wy-A
I Love travel and food,https://youtube.com/@ilovetravelandfoodnextlevel,ilovetravelandfoodnextlevel,,,,,1350000,220138452,1135,UC37vNZg-2CZ4YP9vIl55oag
#tag Entertainments,https://www.youtube.com/@tagEntertainmentshashtag,tagEntertainmentshashtag,,,,,946000,272482704,1105,UCPrLG6WxZxRT-gZ15F13tCw
It’s me Muskan,https://www.youtube.com/@ItsmeMuskan,ItsmeMuskan,,,,,275000,56970664,484,UCOShFwD315GJSk4ZNNXlMaQ
Markaroni,https://www.youtube.com/@Markaroni,Markaroni,,,,,768000,220556429,1091,UC62efsUgKggjHCQvabTAeUg
Daring Surya,https://www.youtube.com/@DaringSurya,DaringSurya,,,,,109000,21007576,671,UClODmfjkh4ZkdUvqQsKM6Nw
T2 Gaming,https://www.youtube.com/@T2GamingOfficial,T2GamingOfficial,,,,,304000,52829109,3722,UCKFATHmONJzOt5QDzzgh0Rw
Rj Purab,https://www.youtube.com/@RjPurab,RjPurab,,,,,819000,152332868,158,UCzyRwOcy2l-FQpsTOg8QPzw
Telugu Experiments,https://www.youtube.com/@TeluguExperiments,TeluguExperiments,,,,,1460000,650452890,1570,UCeuLwuQE8SV7WYFAOoIiI1A
Harshit PrankTv,https://www.youtube.com/@harshitpranktv1564,harshitpranktv1564,,,,,1820000,356519552,337,UC-w2iYxaNFbImVpj1j3tI3g
Prakash Solanki Official,https://www.youtube.com/@prakashsolankiofficial,prakashsolankiofficial,,,,,1520000,644986027,226,UCS6AXNN88ukQ1dNYXCqFGzg
Creative Pavan,https://www.youtube.com/@CreativePavan,CreativePavan,,,,,212000,14089787,101,UCIXGNgy4lEnsahSHkIacVIQ
NITian SAURABH,https://www.youtube.com/@nitiansaurabh,nitiansaurabh,,,,,1300000,923172039,686,UC4RCA1yNdip630A7tTmX6Cw
Amaan parkar,https://www.youtube.com/@amaaanparkar,amaaanparkar,,,,,1140000,143426093,285,UCWcQCJHYOK2ZZRA2Sym0mOw
PikaPlayz,https://www.youtube.com/@pikaisplaying,pikaisplaying,,,,,218000,137709250,1257,UC9Dv1-gJgTU8ikCwbJmuXfA
Goosebumpss,https://www.youtube.com/@Goosebumpss,Goosebumpss,,,,,170000,22045819,138,UCexx8fj1qsE8opEpUmhu5oA
Mithi official,https://www.youtube.com/@mithiofficial2652,mithiofficial2652,,,,,1050000,216272229,430,UC2_P2CFajXshQ28nshzz5rg
RMS Motivation,https://www.youtube.com/@RMSMotivation/,RMSMotivation,,,,,1330000,434165093,2954,UCOUZ2HdA33fNIstTi9MJiTA
Round2World,https://www.youtube.com/@Round2World,Round2World,,,,,2440000,332856029,157,UChCy9K0jbV525iS5W9poBVA
El Twins 2,https://youtube.com/@ELTwins2,ELTwins2,,,,,3580000,402248955,334,UCtxg2b4U8bdY-mOZgjQRvcg
ABN MASR - إبن مصر,https://www.youtube.com/@ABNMASR.,ABNMASR.,,,,,2510000,255811904,977,UC1vaRZBYk25tVQ_pZKLjvNA
DURBIN DRAMA,https://www.youtube.com/@DURBINDRAMAOFFICIAL/,DURBINDRAMAOFFICIAL,,,,,1380000,440266092,476,UC4UQUOtDeEzRBgGrssGKvvA
Wasim Ahmad Official,https://www.youtube.com/@WasimAhmadOfficial,WasimAhmadOfficial,,,,,1050000,85397412,107,UCGTU-JhnlOXKvBLfkZZLRFQ
Cine Recaps BD,https://www.youtube.com/@CineRecapsBD/,CineRecapsBD,,,,,1480000,310802955,250,UCnM1bIVGUXUIgj-8pqtw1dw
Naadan Blogger,https://youtube.com/@naadanblogger,naadanblogger,,,,,568000,200790419,413,UCQhmo4BOL08ze8juKGBvVQw
The Fit Rider 77,https://youtube.com/@thefitrider77,thefitrider77,,,,,156000,210991536,660,UCTL2bqB8y9ZiMAXQAzmHtCQ
Fitness Master Deepak,https://youtube.com/@fitnessmasterdeepak,fitnessmasterdeepak,,,,,1010000,324427438,1444,UC3WjO-25X1guoFyz7ZMkj7w
Amin Bhat,https://youtube.com/channel/UC7RCllvcIFI8EkHSl_uemJg,UC7RCllvcIFI8EkHSl_uemJg,,,,,294000,37227109,645,UC7RCllvcIFI8EkHSl_uemJg
Life Moto World,https://www.youtube.com/@LIFEMOTOWORLD,LIFEMOTOWORLD,,,,,47500,25027999,51,UCrGTm74LEpFQLdN-T6c5GFw
المحقق - شهاب محمود,https://www.youtube.com/@shehabbmahmoudd,shehabbmahmoudd,,,,,1940000,475538258,562,UCtaxmWo_H1qr5xbAPenOv1A
Abir Debbarma,https://www.youtube.com/@abirdebbarma50,abirdebbarma50,,,,,501000,126062478,242,UChkT9z4ZQrAnqambgsRYnJg
Nitesh Paswan,https://www.youtube.com/@NiteshPaswan,NiteshPaswan,,,,,1800000,944515105,409,UCMo6rPXxzfOTUZ0RXc0HdIQ
Gourab Tapadar Vlogs,https://www.youtube.com/@GourabTapadarVlogs,GourabTapadarVlogs,,,,,812000,146926540,470,UCm-buwDR0z9oFW0kMXYcavQ
Alok Loots { Finance },https://youtube.com/@alokloots,alokloots,,,,,9,158,4,UCKI2-clEi-DACdCvikTbO-w
Techno Earnz,https://youtube.com/@technoearnz,technoearnz,,,,,107000,1536433,85,UCTGf9IsAcarSWBlpOPOFXXQ
Aalyan vlogs,https://www.youtube.com/@aalyanvlogs1299,aalyanvlogs1299,,,,,3210000,930064941,1228,UCtC6-ZXP1RlEHUC31nPBySg
KAIzER,https://www.youtube.com/@KAIzER574,KAIzER574,,,,,1110000,138693632,200,UCgEatFZXBkPnOnXPYxAUPcQ
HYDRA HRISHAV,https://www.youtube.com/@HYDRAHRISHAV,HYDRAHRISHAV,,,,,735000,140383739,2233,UCehAE6hCMVAX3PkWLYQLmTQ
Shivam Trivedi,https://www.youtube.com/@shivam3vedi,shivam3vedi,,,,,1220000,243397617,507,UCdJWSUcim5IfrGW-f0RPPlQ
Motovlogger Jannu stuntz,https://www.youtube.com/@Motovloggerjannustunts,Motovloggerjannustunts,,,,,2030000,223788271,297,UCKUIE7GIVUUFpD-MFmQQMsQ
RJ Soham,https://www.youtube.com/@RJSoham,RJSoham,,,,,540000,64982023,213,UCXDT0CrEttVcx_SHaEIqoLg
Samrat Bhai,https://www.youtube.com/@SAMRATBHAI,SAMRATBHAI,,,,,846000,86331218,296,UCNthz4aHxOekgLKDDERQbAA
Rohit Bamola,https://youtube.com/@rohitbamola,rohitbamola,,,,,502000,85204930,573,UChppmmGGnO0YSAUBBxEiQKw
Doosra,https://www.youtube.com/@too,too,,,,,12100000,7772219958,239,UCZzQLLvcrATO7TsvwEV16Bg
Mohit gaming,https://youtube.com/@mohitgamingworld20,mohitgamingworld20,,,,,1220000,150970104,579,UClPNxJe-0AGuRuCEo9eWn4w
Paras Thakral Vlogs,https://www.youtube.com/@parasthakralvlogs6489,parasthakralvlogs6489,,,,,2530000,288325872,789,UCuchJgGQd4VjLoE3tmasB3Q
Aayush Sapra,https://www.youtube.com/@AayushSapra,AayushSapra,,,,,2180000,953811181,1183,UC2UWtuZR3kH-5C26HVMMB6A
Rakesh & Jeni 2.0,https://www.youtube.com/@RJ20YT,RJ20YT,,,,,1180000,492056782,999,UCItP3QP5QpfBROWY2zSarQg
Ritik jain Vlogs,https://www.youtube.com/@RitikJainVlogs,RitikJainVlogs,,,,,842000,32810591,104,UC3V5gPkrK2Y_zcAEuocWbOw
Armaan Malik,https://youtube.com/@armaanmalik2154,armaanmalik2154,,,,,8830000,3177468427,2134,UCum5kIr4aqgn9Dc21JdYCWA
HN Vlogs,https://www.youtube.com/@HNmotovlogs,HNmotovlogs,,,,,582000,183519731,798,UC_OdfpjYRf0MKDMdC60zswA
Bong Luchcha,https://www.youtube.com/@BongLuchcha,BongLuchcha,,,,,4060000,595639131,75,UCmd_Hzrp9cBwhj6I8--xjLQ
Dattrax Vlogs,https://www.youtube.com/@Honeyyyy123,Honeyyyy123,,,,,250,0,0,UCFxhc-D1pFAJC0zbxDzkKmQ
Dattrax,https://www.youtube.com/@DattraxReact,DattraxReact,,,,,133000,15465464,45,UCp_LbkQQeGpso70wCArYVNw
Rock Lama,https://www.youtube.com/@rocklamavlogs,rocklamavlogs,,,,,763000,98599878,477,UC694eH2-AyfrxhDNzIoAA_Q
Two side Gamer,https://www.youtube.com/@TwoSideGamersYT,TwoSideGamersYT,,,,,12900000,2658866059,2672,UCiDikVE7Y4_KpQwsxarj38g
Sonar Tori Multimedia,https://www.youtube.com/@SonarToriMultimedia,SonarToriMultimedia,,,,,1240000,121007744,2902,UCCVafbL81dN4VhjiJfLbkig
Rk1tv Natok,https://www.youtube.com/@RK1tvNatok,RK1tvNatok,,,,,241000,71466821,196,UC7a4drpdmapqsqEzcEfqcOA
Abbangla Tv,https://www.youtube.com/@abbanglatv,abbanglatv,,,,,1520000,755058319,221,UCJ7rQoNZaxqf4hSeOYKSBJA
Adarsh Singh Vlogs,https://youtube.com/@adarshsinghvlogs,adarshsinghvlogs,,,,,1090000,142002486,363,UCYnxo_wZs2WFmGt11SLSkYQ
Oishrat Jahan Eity,https://www.youtube.com/@OishratJahanEity,OishratJahanEity,,,,,1840000,1423659347,856,UC2O5a0f9CTvoNPAgs_MozLg
We Are One,https://www.youtube.com/@WeROne,WeROne,,,,,3740000,931491133,165,UCw5N06QIrXBg92OfOVpvWkg
Rabbit Media,https://www.youtube.com/@RabbitMedia01,RabbitMedia01,,,,,71200,11544327,14,UC_S2XbIOWnF9i49OKpgP4lg
Rabbit Entertainment,https://www.youtube.com/@Rabbitentertainments,Rabbitentertainments,,,,,2160000,640207493,68,UCDLGdc3BHB3qqmuwtoHCoBw
Indian fan railway club,https://youtube.com/@INDIANRAILWAYSFANCLUBbySATYA,INDIANRAILWAYSFANCLUBbySATYA,,,,,1320000,452895391,1939,UChfvOaELzzBqDW9oFLG_ztg
Bangla Vines,https://youtube.com/@banglavines07,banglavines07,,,,,740000,235645984,169,UCFI-ux5azQ6zgxlXl0Gog4w
Vamsi Reddy,https://www.youtube.com/@vamsireddyvlogs,vamsireddyvlogs,,,,,522000,129149945,609,UCRzhzNn9qQBEjBSqgS_nTCQ
Divyansh,https://www.youtube.com/@DivyanshCR7/,DivyanshCR7,,,,,463000,238667697,2492,UCWsqW-VTmNFs9m20deW1gMg
Tinku STR Company,https://www.youtube.com/@TinkuSTRCOMPANY,TinkuSTRCOMPANY,,,,,1010000,296546746,150,UC8BSlwoE0vBuSJLOynTCXEA
Koyel Vlogs,https://youtube.com/@koyelvlog5735,koyelvlog5735,,,,,169000,57059617,470,UCuSqlmNMrErHG9AMZGMhelw
Devika Gupta,https://www.youtube.com/@devikagupta029,devikagupta029,,,,,3100000,456941531,497,UCvlgR3RnY_JncmU7aeI4sjQ
Rajbanshi Vines,https://www.youtube.com/@RajbanshiVines,RajbanshiVines,,,,,1580000,693054770,227,UCuf8-iRV8buKOEFjHMPHXdw
Shafi Zone,https://www.youtube.com/@ShafiZone,ShafiZone,,,,,1700000,710508866,1811,UCw5_yzVcT8wDJ3mCbYQBnfg
Rishi Official,https://youtube.com/@rishiofffical,rishiofffical,,,,,100000,15086883,40,UCKHdf4NkaokvXGS-mjMN0vg
Gaming Subrata,https://www.youtube.com/@gamingsubrata,gamingsubrata,,,,,2540000,86306618,241,UCDn21-5oLWeixS-N8iWiAFA
Ashok Ponda,https://www.youtube.com/@ashokponda,ashokponda,,,,,363000,121528369,292,UCwpmPP4XDuha6LqJ3q9sJ3w
